Datetime,Water Level (m)
2025-12-22 18:00:00,0.62668264
2025-12-22 19:00:00,0.6737105
2025-12-22 20:00:00,0.5364752
2025-12-22 21:00:00,0.22269775
2025-12-22 22:00:00,-0.0918122
2025-12-22 23:00:00,-0.34836188
2025-12-23 00:00:00,-0.56142676
2025-12-23 01:00:00,-0.7353214
2025-12-23 02:00:00,-0.8368625
2025-12-23 03:00:00,-0.6945359
2025-12-23 04:00:00,-0.24708523
2025-12-23 05:00:00,0.037966736
2025-12-23 06:00:00,0.2081185
2025-12-23 07:00:00,0.25235718
2025-12-23 08:00:00,0.14685473
2025-12-23 09:00:00,-0.09009716
2025-12-23 10:00:00,-0.36066574
2025-12-23 11:00:00,-0.5622686
2025-12-23 12:00:00,-0.7217132
2025-12-23 13:00:00,-0.8493029
2025-12-23 14:00:00,-0.90278673
2025-12-23 15:00:00,-0.6484865
2025-12-23 16:00:00,-0.17541818
2025-12-23 17:00:00,0.20492303
2025-12-23 18:00:00,0.4896707
2025-12-23 19:00:00,0.6440991
2025-12-23 20:00:00,0.61114407
2025-12-23 21:00:00,0.38425088
2025-12-23 22:00:00,0.044420782
2025-12-23 23:00:00,-0.23579179
2025-12-24 00:00:00,-0.4606415
2025-12-24 01:00:00,-0.65287447
2025-12-24 02:00:00,-0.7970395
2025-12-24 03:00:00,-0.82641053
2025-12-24 04:00:00,-0.5142141
2025-12-24 05:00:00,-0.15473798
2025-12-24 06:00:00,0.07512146
2025-12-24 07:00:00,0.21163209
2025-12-24 08:00:00,0.23246881
2025-12-24 09:00:00,0.10704708
2025-12-24 10:00:00,-0.15426883
2025-12-24 11:00:00,-0.40468746
2025-12-24 12:00:00,-0.59106284
2025-12-24 13:00:00,-0.7428313
2025-12-24 14:00:00,-0.85893995
2025-12-24 15:00:00,-0.8494517
2025-12-24 16:00:00,-0.41976047
2025-12-24 17:00:00,-0.018773183
2025-12-24 18:00:00,0.29012933
2025-12-24 19:00:00,0.5059221
2025-12-24 20:00:00,0.57838637
2025-12-24 21:00:00,0.4632066
2025-12-24 22:00:00,0.16651252
2025-12-24 23:00:00,-0.14088115
2025-12-25 00:00:00,-0.37272474
2025-12-25 01:00:00,-0.57265127
2025-12-25 02:00:00,-0.7397248
2025-12-25 03:00:00,-0.8514713
2025-12-25 04:00:00,-0.7989429
2025-12-25 05:00:00,-0.3910046
2025-12-25 06:00:00,-0.105843306
2025-12-25 07:00:00,0.10468969
2025-12-25 08:00:00,0.22825159
2025-12-25 09:00:00,0.22625707
2025-12-25 10:00:00,0.07041054
2025-12-25 11:00:00,-0.20194402
2025-12-25 12:00:00,-0.42506477
2025-12-25 13:00:00,-0.59871775
2025-12-25 14:00:00,-0.73947185
2025-12-25 15:00:00,-0.82532734
2025-12-25 16:00:00,-0.7086129
2025-12-25 17:00:00,-0.2575524
2025-12-25 18:00:00,0.07672198
2025-12-25 19:00:00,0.32193702
2025-12-25 20:00:00,0.48145127
2025-12-25 21:00:00,0.49361008
2025-12-25 22:00:00,0.32564566
2025-12-25 23:00:00,0.016917571
2025-12-26 00:00:00,-0.24961257
2025-12-26 01:00:00,-0.45979187
2025-12-26 02:00:00,-0.64239
2025-12-26 03:00:00,-0.79047966
2025-12-26 04:00:00,-0.86597556
2025-12-26 05:00:00,-0.709873
2025-12-26 06:00:00,-0.3159025
2025-12-26 07:00:00,-0.06268978
2025-12-26 08:00:00,0.13080026
2025-12-26 09:00:00,0.24031115
2025-12-26 10:00:00,0.21097657
2025-12-26 11:00:00,0.045719065
2025-12-26 12:00:00,-0.21213374
2025-12-26 13:00:00,-0.41743433
2025-12-26 14:00:00,-0.5796327
2025-12-26 15:00:00,-0.70672566
2025-12-26 16:00:00,-0.75775677
2025-12-26 17:00:00,-0.53623444
2025-12-26 18:00:00,-0.13560888
2025-12-26 19:00:00,0.14182815
2025-12-26 20:00:00,0.33731613
2025-12-26 21:00:00,0.44340688
2025-12-26 22:00:00,0.39631686
2025-12-26 23:00:00,0.18797708
2025-12-27 00:00:00,-0.10017527
2025-12-27 01:00:00,-0.3357868
2025-12-27 02:00:00,-0.52920675
2025-12-27 03:00:00,-0.6938314
2025-12-27 04:00:00,-0.8230155
2025-12-27 05:00:00,-0.85831195
2025-12-27 06:00:00,-0.6136837
2025-12-27 07:00:00,-0.27508497
2025-12-27 08:00:00,-0.03611229
2025-12-27 09:00:00,0.14356469
2025-12-27 10:00:00,0.24494237
2025-12-27 11:00:00,0.22236504
2025-12-27 12:00:00,0.068661906
2025-12-27 13:00:00,-0.17391266
2025-12-27 14:00:00,-0.36409965
2025-12-27 15:00:00,-0.518223
2025-12-27 16:00:00,-0.6389453
2025-12-27 17:00:00,-0.6794447
2025-12-27 18:00:00,-0.46092966
2025-12-27 19:00:00,-0.110165246
2025-12-27 20:00:00,0.12374411
2025-12-27 21:00:00,0.28119868
2025-12-27 22:00:00,0.34662712
2025-12-27 23:00:00,0.27643564
2025-12-28 00:00:00,0.07402848
2025-12-28 01:00:00,-0.19193831
2025-12-28 02:00:00,-0.4034951
2025-12-28 03:00:00,-0.58431995
2025-12-28 04:00:00,-0.73622954
2025-12-28 05:00:00,-0.85190696
2025-12-28 06:00:00,-0.8761834
2025-12-28 07:00:00,-0.63201004
2025-12-28 08:00:00,-0.30020782
2025-12-28 09:00:00,-0.048238643
2025-12-28 10:00:00,0.14593582
2025-12-28 11:00:00,0.26832166
2025-12-28 12:00:00,0.26949087
2025-12-28 13:00:00,0.12828974
2025-12-28 14:00:00,-0.1092078
2025-12-28 15:00:00,-0.30424586
2025-12-28 16:00:00,-0.45586225
2025-12-28 17:00:00,-0.5733361
2025-12-28 18:00:00,-0.6239608
